BY,outcome,statistic,feature,level,estimate,std.error,z,p,lower,upper,finance.trichotomous
Not difficult,chosen,mm,Level,Child - £0; Adult - £63; Pensioner - £190,0.46374216651745237,0.013633156952496272,34.015757915303674,1.3029847861128835e-253,0.4370216698949778,0.4904626631399269,Not difficult
Not difficult,chosen,mm,Level,Child - £41; Adult - £63; Pensioner - £190,0.47798742138364964,0.014483201034796942,33.002885220970846,7.384021543674641e-239,0.4496008689745944,0.5063739737927049,Not difficult
Not difficult,chosen,mm,Level,Child - £0; Adult - £145; Pensioner - £190,0.4675555555555539,0.014466208401850962,32.320532275459946,3.600720439273223e-229,0.43920230809507527,0.4959088030160325,Not difficult
Not difficult,chosen,mm,Level,Child - £41; Adult - £145; Pensioner - £190,0.4812834224598896,0.014536987210476197,33.107508143987964,2.3173235486747365e-240,0.4527914510836369,0.5097753938361423,Not difficult
Not difficult,chosen,mm,Level,Child - £63; Adult - £145; Pensioner - £190,0.517972350230414,0.01452745191528786,35.654728251781684,1.9904769775925755e-278,0.48949906768931234,0.5464456327715156,Not difficult
Not difficult,chosen,mm,Level,Child - £63; Adult - £190; Pensioner - £190,0.51724137931035,0.014883170356442637,34.75344076045237,1.2296702292356945e-264,0.4880709014359482,0.5464118571847517,Not difficult
Not difficult,chosen,mm,Level,Child - £95; Adult - £190; Pensioner - £230,0.5218945487041894,0.014328995079239204,36.42227147250156,1.8908437621794586e-290,0.4938102344142289,0.5499788629941499,Not difficult
Not difficult,chosen,mm,Level,Child - £41; Adult - £230; Pensioner - £230,0.5238523852385284,0.014866598404569676,35.236869321599976,5.451972209157963e-272,0.4947143877929512,0.5529903826841056,Not difficult
Not difficult,chosen,mm,Level,Child - £95; Adult - £230; Pensioner - £230,0.5296262534184325,0.014018922960883164,37.77938254573782,0,0.5021496693130599,0.5571028375238051,Not difficult
Not difficult,chosen,mm,Tax,Basic rate - 20%; Higher rate - 40%; Additional rate - 45%,0.5543175487465237,0.013311956306356738,41.640577537189294,0,0.5282265938222936,0.5804085036707538,Not difficult
Not difficult,chosen,mm,Tax,Basic rate - 23%; Higher rate - 43%; Additional rate - 48%,0.6004198740377926,0.013383629667394894,44.8622600116119,0,0.5741884419072768,0.6266513061683084,Not difficult
Not difficult,chosen,mm,Tax,Basic rate - 30%; Higher rate - 50%; Additional rate - 60%,0.5422191207257548,0.012604937719704187,43.01640617217422,0,0.5175138967677642,0.5669243446837455,Not difficult
Not difficult,chosen,mm,Tax,Basic rate - 40%; Higher rate - 60%; Additional rate - 70%,0.4810996563573898,0.012163651366548482,39.55223985459435,0,0.4572593377584534,0.5049399749563263,Not difficult
Not difficult,chosen,mm,Tax,Basic rate - 48%; Higher rate - 68%; Additional rate - 78%,0.475988700564959,0.013130617639642031,36.25029024742324,9.832930286787616e-288,0.4502531628964943,0.5017242382334237,Not difficult
Not difficult,chosen,mm,Tax,Basic rate - 50%; Higher rate - 70%; Additional rate - 80%,0.446554149085807,0.0126709685672442,35.24230580448261,4.5007496748270505e-272,0.42171950704476924,0.47138879112684473,Not difficult
Not difficult,chosen,mm,Tax,Basic rate - 65%; Higher rate - 85%; Additional rate - 95%,0.39888033589922584,0.013718606788009792,29.07586331928775,7.2502379303741805e-186,0.3719923606766599,0.42576831112179175,Not difficult
Not difficult,chosen,mm,Funding,Removal of income tax-free personal allowance,0.4604166666666666,0.01298407488600289,35.46010560698518,2.026605868598107e-275,0.43496834751752994,0.48586498581580323,Not difficult
Not difficult,chosen,mm,Funding,Increased government borrowing,0.4749999999999992,0.013829318492360992,34.347318001416966,1.5444469740454134e-258,0.4478950338242379,0.5021049661757605,Not difficult
Not difficult,chosen,mm,Funding,Corporation tax increase,0.5377622377622379,0.012439461016978716,43.230348728794766,0,0.5133813421818696,0.5621431333426061,Not difficult
Not difficult,chosen,mm,Funding,Tax for businesses based on carbon emissions,0.5077030812324964,0.012850849301789011,39.50735623067475,0,0.48251587943023827,0.5328902830347546,Not difficult
Not difficult,chosen,mm,Funding,Tax for individuals based on carbon emissions,0.48366477272727304,0.013428429935037057,36.0179689708407,4.3777870546380534e-284,0.45734553368568087,0.5099840117688652,Not difficult
Not difficult,chosen,mm,Funding,Tax on wealth,0.5359888190076727,0.012255650040501224,43.73401796203314,0,0.5119681863211635,0.5600094516941819,Not difficult
Not difficult,chosen,mm,Funding,VAT increase,0.49965349965351546,0.012886669091122191,38.772897489680545,0,0.47439609235423047,0.5249109069528005,Not difficult
Not difficult,chosen,mm,Life.expectancy,0 more or less years on average,0.50137741046832,0.012260442291820568,40.8939089255213,0,0.47734738514181996,0.52540743579482,Not difficult
Not difficult,chosen,mm,Life.expectancy,5 fewer years on average,0.46516537649542516,0.013513573673641609,34.42208461872198,1.1785117768309224e-259,0.438679258792659,0.4916514941981913,Not difficult
Not difficult,chosen,mm,Life.expectancy,3 fewer years on average,0.4777468706536884,0.012812257617890512,37.28826604193333,2.542856601787078e-304,0.4526353071619741,0.5028584341454028,Not difficult
Not difficult,chosen,mm,Life.expectancy,1 less year on average,0.503556187766719,0.01255018186672988,40.12341758183042,0,0.4789582833085007,0.5281540922249371,Not difficult
Not difficult,chosen,mm,Life.expectancy,1 more year on average,0.500696378830091,0.0137286796702509,36.47083265516533,3.216810012571489e-291,0.473788661121112,0.52760409653907,Not difficult
Not difficult,chosen,mm,Life.expectancy,3 more years on average,0.5111731843575348,0.013183627873026878,38.77333229371352,0,0.48533374854082373,0.5370126201742459,Not difficult
Not difficult,chosen,mm,Life.expectancy,5 more years on average,0.5400696864111448,0.01171143435546935,46.114734542223445,0,0.5171156968671199,0.5630236759551698,Not difficult
Not difficult,chosen,mm,Mental.health,Same number of cases,0.5112714156898139,0.01415556353201137,36.118054539731006,1.1811284694807796e-285,0.48352702098620304,0.5390158103934248,Not difficult
Not difficult,chosen,mm,Mental.health,50% fewer cases,0.5599284436493764,0.014372289655023145,38.95888943858575,0,0.5317592735501535,0.5880976137485994,Not difficult
Not difficult,chosen,mm,Mental.health,25% fewer cases,0.507181328545794,0.013823353685353432,36.69017953893339,1.0474284679886126e-294,0.48008805317694225,0.5342746039146458,Not difficult
Not difficult,chosen,mm,Mental.health,10% fewer cases,0.510771992818654,0.014917865999296644,34.23894495651967,6.370555891217569e-257,0.481533512733838,0.54001047290347,Not difficult
Not difficult,chosen,mm,Mental.health,5% fewer cases,0.5259856630824478,0.015123184427048717,34.7800865366484,4.8655441754449867e-265,0.49634476627387525,0.5556265598910203,Not difficult
Not difficult,chosen,mm,Mental.health,5% more cases,0.5113327289211288,0.015029663404504626,34.021568890749364,1.0690875000750903e-253,0.4818751299485401,0.5407903278937175,Not difficult
Not difficult,chosen,mm,Mental.health,10% more cases,0.4955357142857105,0.013757860006851771,36.018371610041164,4.3147089398072604e-284,0.46857080416793706,0.522500624403484,Not difficult
Not difficult,chosen,mm,Mental.health,25% more cases,0.485094850948505,0.0145563590698742,33.325287499430814,1.661594818605775e-243,0.45656491142551864,0.5136247904714915,Not difficult
Not difficult,chosen,mm,Mental.health,50% more cases,0.39320822162645414,0.01385648714356955,28.37719384085975,3.8666217095937585e-177,0.36605000587281555,0.4203664373800927,Not difficult
Not difficult,chosen,mm,Eligibility,People in and out of work are entitled,0.5167999999999904,0.008694131805559129,59.44239304832513,0,0.4997598147842503,0.5338401852157305,Not difficult
Not difficult,chosen,mm,Eligibility,Everyone is entitled but people of working age who are not disabled are required to look for work,0.5215118616807298,0.009577349458090478,54.452629504939075,0,0.5027406016755183,0.5402831216859414,Not difficult
Not difficult,chosen,mm,Eligibility,Only people in work are entitled,0.4796812749004071,0.010138877829015,47.31108146186317,0,0.459809439511886,0.4995531102889281,Not difficult
Not difficult,chosen,mm,Eligibility,Only people out of work are entitled,0.48236226714231795,0.009790635315803055,49.26771875199329,0,0.463172974537578,0.5015515597470579,Not difficult
Not difficult,chosen,mm,Means.testing,People with any or no amount of income are entitled to the full benefit,0.4993973483326788,0.009291268941345344,53.74910052494592,0,0.48118679583696633,0.5176079008283913,Not difficult
Not difficult,chosen,mm,Means.testing,Only those with incomes less than £20k are entitled to the full benefit,0.511880789367715,0.009389932156666048,54.51378996432082,0,0.493476860523375,0.5302847182120549,Not difficult
Not difficult,chosen,mm,Means.testing,Only those with incomes less than £50k are entitled to the full benefit,0.5087163232963605,0.00930965182159279,54.64396875900823,0,0.49046974101743096,0.5269629055752901,Not difficult
Not difficult,chosen,mm,Means.testing,Only those with incomes less than £125k are entitled to the full benefit,0.480190174326471,0.008556317750177195,56.12112457096706,0,0.4634200996958429,0.49696024895709906,Not difficult
Not difficult,chosen,mm,Citizenship,"Citizens, permanent residents and anyone residing in the UK for more than six months are entitled",0.48652694610776276,0.008238725658140114,59.05366512927387,0,0.4703793405393021,0.5026745516762234,Not difficult
Not difficult,chosen,mm,Citizenship,Only citizens and permanent residents are entitled,0.5167664670658436,0.007262391700489266,71.15651267213102,0,0.502532440891262,0.5310004932404252,Not difficult
Not difficult,chosen,mm,Citizenship,Only citizens are entitled,0.49670658682640645,0.007683649836615627,64.64461517486173,0,0.48164690987682274,0.5117662637759901,Not difficult
Not difficult,chosen,mm,Poverty,Unchanged,0.4510638297872286,0.015247241274705878,29.583307672550074,2.4501528709365387e-192,0.4211797860252125,0.4809478735492447,Not difficult
Not difficult,chosen,mm,Poverty,Decreased by 100%,0.6377440347071605,0.01673674125223879,38.104432941618946,0,0.6049406246342066,0.6705474447801143,Not difficult
Not difficult,chosen,mm,Poverty,Decreased by 75%,0.594565217391303,0.01648074541732173,36.07635469973331,5.327443139868846e-285,0.5622635499349788,0.6268668848476271,Not difficult
Not difficult,chosen,mm,Poverty,Decreased by 50%,0.6217105263157843,0.015692139281794578,39.61923324483037,0,0.5909544984830807,0.6524665541484879,Not difficult
Not difficult,chosen,mm,Poverty,Decreased by 25%,0.570652173913042,0.015158598871301672,37.64544327334918,0,0.5409418660692012,0.6003624817568828,Not difficult
Not difficult,chosen,mm,Poverty,Decreased by 10%,0.5447513812154664,0.016607690192780637,32.80115265229778,5.669449292965344e-236,0.5122009065712173,0.5773018558597155,Not difficult
Not difficult,chosen,mm,Poverty,Decreased by 5%,0.47045707915273266,0.016400171735489542,28.686106873788148,5.686655059845745e-181,0.43831333321090143,0.5026008250945639,Not difficult
Not difficult,chosen,mm,Poverty,Increased by 5%,0.4392419175027926,0.01598238267218371,27.482880776422927,2.8125268021536686e-166,0.4079170230781755,0.47056681192740973,Not difficult
Not difficult,chosen,mm,Poverty,Increased by 10%,0.43735763097949854,0.016843832295657998,25.96544677616154,1.2169464532575921e-148,0.40434432631837625,0.4703709356406208,Not difficult
Not difficult,chosen,mm,Poverty,Increased by 25%,0.3717105263157996,0.016417686045471114,22.64085969766351,1.7166292391185155e-113,0.33953245295719037,0.4038885996744088,Not difficult
Not difficult,chosen,mm,Poverty,Increased by 50%,0.3565976008724211,0.01662690488855151,21.447022356996644,4.8683544419231656e-102,0.3240094661164872,0.389185735628355,Not difficult
Not difficult,chosen,mm,Inequality,Unchanged.,0.4860335195530673,0.015460262935722162,31.437597250047304,6.202172221303093e-217,0.4557319610075324,0.5163350780986022,Not difficult
Not difficult,chosen,mm,Inequality,Decreased by 50%.,0.5287146763901552,0.014780909102042761,35.770105393387844,3.2217420582951837e-280,0.49974462689139115,0.5576847258889193,Not difficult
Not difficult,chosen,mm,Inequality,Decreased by 25%.,0.570298769771525,0.014001523365847002,40.73119437579324,0,0.5428562882457689,0.5977412512972812,Not difficult
Not difficult,chosen,mm,Inequality,Decreased by 10%.,0.52475247524752755,0.014999324884679926,34.985072947083204,3.794725851899554e-268,0.4953543386811395,0.5541506118139156,Not difficult
Not difficult,chosen,mm,Inequality,Decreased by 5%.,0.5241935483870969,0.014112132736762751,37.144885054939195,5.302160170038448e-302,0.4965342764779932,0.5518528202962005,Not difficult
Not difficult,chosen,mm,Inequality,Increased by 5%.,0.4923076923076887,0.014184751696809331,34.70682482361864,6.215609072433287e-264,0.464506089852299,0.5201092947630784,Not difficult
Not difficult,chosen,mm,Inequality,Increased by 10%.,0.46808510638297773,0.014287112063922292,32.76275179257414,1.998768568045295e-235,0.4400828812946023,0.49608733147135314,Not difficult
Not difficult,chosen,mm,Inequality,Increased by 25%.,0.49646643109541067,0.015245140768333965,32.56555243665789,1.2613110404203416e-232,0.4665865042502328,0.5263463579405885,Not difficult
Not difficult,chosen,mm,Inequality,Increased by 50%.,0.40840035746202175,0.013437972764101398,30.39151549354488,7.11092476697734e-203,0.3820624148191529,0.4347383001048906,Not difficult
Just about getting by,chosen,mm,Level,Child - £0; Adult - £63; Pensioner - £190,0.4752475247524723,0.01673815218864948,28.39306987988485,2.4625066459613447e-177,0.44244134929496903,0.5080537002099755,Just about getting by
Just about getting by,chosen,mm,Level,Child - £41; Adult - £63; Pensioner - £190,0.49253731343283197,0.016945854553446254,29.06535706885702,9.843565091046517e-186,0.4593240488208232,0.5257505780448407,Just about getting by
Just about getting by,chosen,mm,Level,Child - £0; Adult - £145; Pensioner - £190,0.46115906288533137,0.017654865494567892,26.12079163260815,2.116794507533797e-150,0.4265561623640794,0.49576196340658335,Just about getting by
Just about getting by,chosen,mm,Level,Child - £41; Adult - £145; Pensioner - £190,0.468164794007485,0.01595518899557785,29.342478747023417,2.9804292935769843e-189,0.43689319820962264,0.4994363898053474,Just about getting by
Just about getting by,chosen,mm,Level,Child - £63; Adult - £145; Pensioner - £190,0.49999999999999906,0.01666477853888253,30.00339901507788,8.861024272519153e-198,0.46733763425345326,0.5326623657465448,Just about getting by
Just about getting by,chosen,mm,Level,Child - £63; Adult - £190; Pensioner - £190,0.5358910891089065,0.01565938127572785,34.22172815598669,1.1490558793571177e-256,0.505199265788299,0.566582912429514,Just about getting by
Just about getting by,chosen,mm,Level,Child - £95; Adult - £190; Pensioner - £230,0.5207026348808039,0.01710275098917263,30.445548509152076,1.3719797725248164e-203,0.4871818589054688,0.554223410856139,Just about getting by
Just about getting by,chosen,mm,Level,Child - £41; Adult - £230; Pensioner - £230,0.5130434782608743,0.016931846912896183,30.300503004791135,1.1289868330305019e-201,0.47985766811985203,0.5462292884018964,Just about getting by
Just about getting by,chosen,mm,Level,Child - £95; Adult - £230; Pensioner - £230,0.5339195979899447,0.01752034678019399,30.474259710059975,5.716512310756944e-204,0.4995803493041122,0.5682588466757772,Just about getting by
Just about getting by,chosen,mm,Tax,Basic rate - 20%; Higher rate - 40%; Additional rate - 45%,0.6032977691561553,0.015204749847301422,39.67824365510559,0,0.5734970070615036,0.633098531250807,Just about getting by
Just about getting by,chosen,mm,Tax,Basic rate - 23%; Higher rate - 43%; Additional rate - 48%,0.5694980694980679,0.015618856539078607,36.46221271532749,4.405992059540259e-291,0.5388856732017759,0.6001104657943599,Just about getting by
Just about getting by,chosen,mm,Tax,Basic rate - 30%; Higher rate - 50%; Additional rate - 60%,0.5197685631629706,0.014337566198485129,36.25221714532611,9.1690295139974e-288,0.4916674497879809,0.5478696765379603,Just about getting by
Just about getting by,chosen,mm,Tax,Basic rate - 40%; Higher rate - 60%; Additional rate - 70%,0.5062801932367136,0.01466726267504214,34.517701390744264,4.352513298033293e-261,0.4775328866418424,0.5350274998315848,Just about getting by
Just about getting by,chosen,mm,Tax,Basic rate - 48%; Higher rate - 68%; Additional rate - 78%,0.4698443579766519,0.016175700491845354,29.04630672492448,1.7132815239378717e-185,0.4381405675879282,0.5015481483653756,Just about getting by
Just about getting by,chosen,mm,Tax,Basic rate - 50%; Higher rate - 70%; Additional rate - 80%,0.44551591128254375,0.014819568351370814,30.06267798895326,1.4908780166548592e-198,0.4164700910474273,0.4745617315176602,Just about getting by
Just about getting by,chosen,mm,Tax,Basic rate - 65%; Higher rate - 85%; Additional rate - 95%,0.3849902534113121,0.017337511489650632,22.205623548750133,3.0306034916066476e-109,0.3510093553100475,0.4189711515125767,Just about getting by
Just about getting by,chosen,mm,Funding,Removal of income tax-free personal allowance,0.4736842105263187,0.015727789960924634,30.1176587240278,2.8455249059746125e-199,0.4428583086464958,0.5045101124061416,Just about getting by
Just about getting by,chosen,mm,Funding,Increased government borrowing,0.4399615754082631,0.015059801180298763,29.214301712284286,1.2764491577988182e-187,0.41044490748054374,0.4694782433359824,Just about getting by
Just about getting by,chosen,mm,Funding,Corporation tax increase,0.5144230769230731,0.014863224295444679,34.61046316045536,1.7584518850546536e-262,0.4852916926098608,0.5435544612362854,Just about getting by
Just about getting by,chosen,mm,Funding,Tax for businesses based on carbon emissions,0.5184108527131782,0.01455090710346533,35.62739072052199,5.277638245884843e-278,0.48989159884799816,0.5469301065783583,Just about getting by
Just about getting by,chosen,mm,Funding,Tax for individuals based on carbon emissions,0.4990310077519397,0.015368651379057633,32.47070907158147,2.7638003852561394e-231,0.4689090045580349,0.5291530109458444,Just about getting by
Just about getting by,chosen,mm,Funding,Tax on wealth,0.5710116731517486,0.015648755992475897,36.48926939791876,1.6410105432835836e-291,0.5403406750036405,0.6016826712998568,Just about getting by
Just about getting by,chosen,mm,Funding,VAT increase,0.48399612027158584,0.013760864999441668,35.17192562322379,5.373813958964527e-271,0.4570253204765624,0.5109669200666093,Just about getting by
Just about getting by,chosen,mm,Life.expectancy,0 more or less years on average,0.5332681017612492,0.014120417562325733,37.76574590712147,0,0.5055925918924239,0.5609436116300744,Just about getting by
Just about getting by,chosen,mm,Life.expectancy,5 fewer years on average,0.4570877531340385,0.014370986556396858,31.806289104805973,5.2985642044035493e-222,0.42892113706119134,0.48525436920688564,Just about getting by
Just about getting by,chosen,mm,Life.expectancy,3 fewer years on average,0.4765625,0.015733294844111238,30.290063506842053,1.5494995606376367e-201,0.44572580874739226,0.5073991912526078,Just about getting by
Just about getting by,chosen,mm,Life.expectancy,1 less year on average,0.5155038759689968,0.015397900397589958,33.47884209263246,9.795310197372557e-246,0.48532454575218553,0.5456832061858081,Just about getting by
Just about getting by,chosen,mm,Life.expectancy,1 more year on average,0.46917148362237715,0.014617226479512658,32.09716181657052,4.829801648645178e-226,0.44052224616866714,0.49782072107608716,Just about getting by
Just about getting by,chosen,mm,Life.expectancy,3 more years on average,0.5246376811594199,0.014862395538122571,35.299671564634764,5.9408853316609276e-273,0.49550792118071085,0.5537674411381289,Just about getting by
Just about getting by,chosen,mm,Life.expectancy,5 more years on average,0.5239923224568096,0.014892794978628388,35.18428362229887,3.4779956802540344e-271,0.494802980669559,0.5531816642440602,Just about getting by
Just about getting by,chosen,mm,Mental.health,Same number of cases,0.51259445843829,0.016862630152701494,30.39825067598777,5.793265405400799e-203,0.4795443106543759,0.545644606222204,Just about getting by
Just about getting by,chosen,mm,Mental.health,50% fewer cases,0.5414572864321577,0.01787944531113814,30.283785487173514,1.8743852850655575e-201,0.5064142175587735,0.576500355305542,Just about getting by
Just about getting by,chosen,mm,Mental.health,25% fewer cases,0.5103280680437374,0.017810776936871775,28.652768481270403,1.4806632485645897e-180,0.47541958671079215,0.5452365493766828,Just about getting by
Just about getting by,chosen,mm,Mental.health,10% fewer cases,0.5113924050632823,0.017644929293400786,28.98240035762248,1.0966112790241109e-184,0.476808979138461,0.5459758309881036,Just about getting by
Just about getting by,chosen,mm,Mental.health,5% fewer cases,0.5104039167686699,0.016293506902273793,31.325602267823754,2.091481597439349e-215,0.4784692300583585,0.5423386034789813,Just about getting by
Just about getting by,chosen,mm,Mental.health,5% more cases,0.4938423645320236,0.016573657848924984,29.796823913802207,4.294860764553749e-195,0.4613585920560411,0.5263261370080061,Just about getting by
Just about getting by,chosen,mm,Mental.health,10% more cases,0.512531328320786,0.017445257933439293,29.37940672911229,1.0065938011787028e-189,0.4783392510702333,0.5467234055713386,Just about getting by
Just about getting by,chosen,mm,Mental.health,25% more cases,0.4549999999999807,0.016161318686285023,28.153643204010777,2.1625056225942573e-174,0.42332439743218786,0.48667560256777354,Just about getting by
Just about getting by,chosen,mm,Mental.health,50% more cases,0.45249999999999424,0.016544944427725767,27.349744326835065,1.0874841421039925e-164,0.4200725047954351,0.48492749520455336,Just about getting by
Just about getting by,chosen,mm,Eligibility,People in and out of work are entitled,0.5281965382467829,0.011150804023660024,47.36847110988981,0,0.506341363961745,0.5500517125318208,Just about getting by
Just about getting by,chosen,mm,Eligibility,Everyone is entitled but people of working age who are not disabled are required to look for work,0.5290215588722995,0.010985541433161713,48.15616618361281,0,0.5074902933126301,0.550552824431969,Just about getting by
Just about getting by,chosen,mm,Eligibility,Only people in work are entitled,0.4761382336807459,0.011153990365028652,42.6877035122419,0,0.454276814281383,0.49799965308010885,Just about getting by
Just about getting by,chosen,mm,Eligibility,Only people out of work are entitled,0.4670724958494861,0.012007237597224548,38.89924656420967,0,0.4435387426051108,0.49060624909386147,Just about getting by
Just about getting by,chosen,mm,Means.testing,People with any or no amount of income are entitled to the full benefit,0.5123694337548166,0.010837907940015152,47.27567687330811,0,0.4911275245246262,0.533611342985007,Just about getting by
Just about getting by,chosen,mm,Means.testing,Only those with incomes less than £20k are entitled to the full benefit,0.5002797985450498,0.011570635393784862,43.237020398531776,0,0.47760176989498704,0.5229578271951125,Just about getting by
Just about getting by,chosen,mm,Means.testing,Only those with incomes less than £50k are entitled to the full benefit,0.5077092511013274,0.010642227479664514,47.707047427004674,0,0.4868508685259024,0.5285676336767523,Just about getting by
Just about getting by,chosen,mm,Means.testing,Only those with incomes less than £125k are entitled to the full benefit,0.47953539823009517,0.010598215509392985,45.246805729237394,0,0.4587632775312911,0.5003075189288992,Just about getting by
Just about getting by,chosen,mm,Citizenship,"Citizens, permanent residents and anyone residing in the UK for more than six months are entitled",0.49087136929460823,0.01011681171079621,48.520362276859636,0,0.4710427827030746,0.5106999558861418,Just about getting by
Just about getting by,chosen,mm,Citizenship,Only citizens and permanent residents are entitled,0.5008298755186746,0.00899499824984997,55.67870738907905,0,0.4832000029079679,0.5184597481293813,Just about getting by
Just about getting by,chosen,mm,Citizenship,Only citizens are entitled,0.5082987551867268,0.009593575760827804,52.98324293869621,0,0.4894956922125479,0.5271018181609057,Just about getting by
Just about getting by,chosen,mm,Poverty,Unchanged,0.4849849849849825,0.01845029913149452,26.286022873044743,2.770877675417993e-152,0.4488230631832626,0.5211469067867024,Just about getting by
Just about getting by,chosen,mm,Poverty,Decreased by 100%,0.6419019316493355,0.01842718920329508,34.8345005072479,7.309682862461006e-266,0.6057853044745718,0.6780185588240992,Just about getting by
Just about getting by,chosen,mm,Poverty,Decreased by 75%,0.6529051987767532,0.01911102405313738,34.16379975041517,8.342510703682997e-256,0.6154482799249252,0.6903621176285812,Just about getting by
Just about getting by,chosen,mm,Poverty,Decreased by 50%,0.5953488372093052,0.019822453186501943,30.034064482730457,3.525790361592886e-198,0.5564975428785301,0.6342001315400803,Just about getting by
Just about getting by,chosen,mm,Poverty,Decreased by 25%,0.5564024390243947,0.017806331207129624,31.247449716178036,2.417907130195106e-214,0.521502671161629,0.5913022068871604,Just about getting by
Just about getting by,chosen,mm,Poverty,Decreased by 10%,0.5071542130365696,0.018772622911494778,27.015628845664978,9.684499501472431e-161,0.47036054823468837,0.5439478778384508,Just about getting by
Just about getting by,chosen,mm,Poverty,Decreased by 5%,0.5130970724191106,0.02000381003342694,25.649967259322636,4.231601078990233e-145,0.47389032520001284,0.5523038196382084,Just about getting by
Just about getting by,chosen,mm,Poverty,Increased by 5%,0.42947702060221493,0.018172547030758487,23.633287060712558,1.7534894758523802e-123,0.393859482914568,0.46509455828986185,Just about getting by
Just about getting by,chosen,mm,Poverty,Increased by 10%,0.42401215805470976,0.0199741182964654,21.228078844899127,5.256789685674991e-100,0.38486360557069504,0.4631607105387245,Just about getting by
Just about getting by,chosen,mm,Poverty,Increased by 25%,0.35874439461883373,0.017432595880828853,20.578942864920975,4.2382344238870105e-94,0.3245771345353679,0.39291165470229955,Just about getting by
Just about getting by,chosen,mm,Poverty,Increased by 50%,0.3457142857142868,0.019471109783512148,17.755243001456066,1.569896910744663e-70,0.3075516117995775,0.3838769596289961,Just about getting by
Just about getting by,chosen,mm,Inequality,Unchanged.,0.5050761421319828,0.01682793582804776,30.01414714751605,6.415819399200093e-198,0.472093993974858,0.5380582902891077,Just about getting by
Just about getting by,chosen,mm,Inequality,Decreased by 50%.,0.5520195838433338,0.01659162210148612,33.27098341963136,1.0151590540353693e-242,0.5195006020793222,0.5845385656073454,Just about getting by
Just about getting by,chosen,mm,Inequality,Decreased by 25%.,0.5474083438685172,0.016665377388115906,32.84704157128026,1.2553748473668812e-236,0.5147448043990419,0.5800718833379925,Just about getting by
Just about getting by,chosen,mm,Inequality,Decreased by 10%.,0.5170731707317099,0.015736377917810827,32.85846167601717,8.623495095571787e-237,0.4862304367656893,0.5479159046977305,Just about getting by
Just about getting by,chosen,mm,Inequality,Decreased by 5%.,0.5043695380773916,0.016154652974432884,31.221316785673494,5.473855846500212e-214,0.4727070000647603,0.5360320760900229,Just about getting by
Just about getting by,chosen,mm,Inequality,Increased by 5%.,0.494999999999999,0.016684004910595403,29.669135357640812,1.9214786996265824e-193,0.4622999512573426,0.5277000487426554,Just about getting by
Just about getting by,chosen,mm,Inequality,Increased by 10%.,0.4881398252184607,0.015643805396755625,31.20339411277107,9.582755275912625e-214,0.4574785300596664,0.5188011203772551,Just about getting by
Just about getting by,chosen,mm,Inequality,Increased by 25%.,0.479999999999997,0.01813711549098507,26.46506828710319,2.4476903536374684e-154,0.44445190685422276,0.5155480931457712,Just about getting by
Just about getting by,chosen,mm,Inequality,Increased by 50%.,0.41133004926107636,0.01689307794944483,24.349029258732223,5.936212383093442e-131,0.37822022489213675,0.44443987363001597,Just about getting by
Difficult,chosen,mm,Level,Child - £0; Adult - £63; Pensioner - £190,0.41749999999999987,0.026365464033434875,15.835109121180457,1.7814984199382099e-56,0.3658246400587814,0.46917535994121834,Difficult
Difficult,chosen,mm,Level,Child - £41; Adult - £63; Pensioner - £190,0.45320197044335,0.025503975726750353,17.76985577852476,1.210014377229224e-70,0.40321509655633553,0.5031888443303644,Difficult
Difficult,chosen,mm,Level,Child - £0; Adult - £145; Pensioner - £190,0.48095238095238146,0.02467051170398667,19.495030614815388,1.2098222251087022e-84,0.4325990665323937,0.5293056953723692,Difficult
Difficult,chosen,mm,Level,Child - £41; Adult - £145; Pensioner - £190,0.5111662531017388,0.023104366369857136,22.124227296214727,1.8477636129062186e-108,0.4658825271312004,0.5564499790722772,Difficult
Difficult,chosen,mm,Level,Child - £63; Adult - £145; Pensioner - £190,0.5100502512562795,0.025321629278947683,20.142868598125062,3.108030883108999e-90,0.46042076983966707,0.5596797326728918,Difficult
Difficult,chosen,mm,Level,Child - £63; Adult - £190; Pensioner - £190,0.5479115479115505,0.024690706410747595,22.191003319088942,4.1952888144826327e-109,0.499518652593633,0.596304443229468,Difficult
Difficult,chosen,mm,Level,Child - £95; Adult - £190; Pensioner - £230,0.49757281553397875,0.025148535784310543,19.785359267094996,3.9805118488852745e-87,0.4482825911328133,0.5468630399351442,Difficult
Difficult,chosen,mm,Level,Child - £41; Adult - £230; Pensioner - £230,0.5373493975903509,0.02393480278039303,22.4505462827769,1.2640875407142386e-111,0.49043804616371145,0.5842607490169904,Difficult
Difficult,chosen,mm,Level,Child - £95; Adult - £230; Pensioner - £230,0.5438596491228139,0.027541098308436478,19.747202636294904,8.478603324802176e-87,0.4898800883436014,0.5978392099020264,Difficult
Difficult,chosen,mm,Tax,Basic rate - 20%; Higher rate - 40%; Additional rate - 45%,0.5430711610486921,0.02185300158795882,24.851101523185203,2.5159312934997784e-136,0.5002400649821962,0.5859022571151881,Difficult
Difficult,chosen,mm,Tax,Basic rate - 23%; Higher rate - 43%; Additional rate - 48%,0.5403846153846151,0.022469247151244046,24.0499653480689,8.354738627481169e-128,0.4963457002084476,0.5844235305607827,Difficult
Difficult,chosen,mm,Tax,Basic rate - 30%; Higher rate - 50%; Additional rate - 60%,0.5240847784200374,0.02223821185886694,23.566857881654343,8.432944502610763e-123,0.4804986840960867,0.5676708727439881,Difficult
Difficult,chosen,mm,Tax,Basic rate - 40%; Higher rate - 60%; Additional rate - 70%,0.5296367112810708,0.019771617809465344,26.787727559022297,4.491320920911819e-158,0.49088505245842806,0.5683883701037136,Difficult
Difficult,chosen,mm,Tax,Basic rate - 48%; Higher rate - 68%; Additional rate - 78%,0.4590476190476215,0.02140754607351453,21.44326199141322,5.278131493893189e-102,0.4170895997461512,0.5010056383490918,Difficult
Difficult,chosen,mm,Tax,Basic rate - 50%; Higher rate - 70%; Additional rate - 80%,0.48659003831417447,0.0195322442972374,24.9121417339121,5.495905344482887e-137,0.4483075429543513,0.5248725336739977,Difficult
Difficult,chosen,mm,Tax,Basic rate - 65%; Higher rate - 85%; Additional rate - 95%,0.4158607350096772,0.022263701509420808,18.678867700130958,7.356306029328052e-78,0.37222468188866237,0.459496788130692,Difficult
Difficult,chosen,mm,Funding,Removal of income tax-free personal allowance,0.4500978473581231,0.021935872419773596,20.518803115958704,1.462692204613642e-93,0.40710432744590136,0.4930913672703448,Difficult
Difficult,chosen,mm,Funding,Increased government borrowing,0.504708097928438,0.021742710835639393,23.21274940110732,3.385218078753336e-119,0.46209316776431597,0.54732302809256,Difficult
Difficult,chosen,mm,Funding,Corporation tax increase,0.5116279069767428,0.021200821869968457,24.132456284700815,1.1412337566825802e-128,0.47007505966895546,0.5531807542845301,Difficult
Difficult,chosen,mm,Funding,Tax for businesses based on carbon emissions,0.5067961165048451,0.02245414150465892,22.570273568450258,8.49189756308867e-113,0.46278680785194765,0.5508054251577427,Difficult
Difficult,chosen,mm,Funding,Tax for individuals based on carbon emissions,0.4914933837429072,0.021456205162439373,22.906817865598228,3.973294927031436e-116,0.4494399943796236,0.5335467731061907,Difficult
Difficult,chosen,mm,Funding,Tax on wealth,0.5640535372848948,0.023184664352544383,24.32873423172905,9.736294527652764e-131,0.5186124301602582,0.6094946444095315,Difficult
Difficult,chosen,mm,Funding,VAT increase,0.47102803738317955,0.023156928338563858,20.340695903038394,5.612836284207138e-92,0.42564129184701943,0.5164147829193396,Difficult
Difficult,chosen,mm,Life.expectancy,0 more or less years on average,0.4892787524366439,0.019778493932405394,24.737917563834422,4.1826660501429776e-135,0.4505136166606854,0.5280438882126025,Difficult
Difficult,chosen,mm,Life.expectancy,5 fewer years on average,0.46428571428571536,0.02184965239383416,21.249112155978004,3.3595819181068466e-100,0.42146118251908105,0.5071102460523497,Difficult
Difficult,chosen,mm,Life.expectancy,3 fewer years on average,0.5019305019305009,0.020003679474716166,25.091908844316396,6.094973213371261e-139,0.46272401060177415,0.5411369932592277,Difficult
Difficult,chosen,mm,Life.expectancy,1 less year on average,0.4999999999999989,0.022481154620128417,22.24085054565328,1.3830968533953953e-109,0.455937746613671,0.5440622533863269,Difficult
Difficult,chosen,mm,Life.expectancy,1 more year on average,0.4943181818181918,0.021220238359102372,23.294657366850696,5.022010871927957e-120,0.45272727889099584,0.5359090847453878,Difficult
Difficult,chosen,mm,Life.expectancy,3 more years on average,0.5311284046692569,0.02028572099626498,26.182377484490132,4.218890921413066e-151,0.4913691221161496,0.5708876872223643,Difficult
Difficult,chosen,mm,Life.expectancy,5 more years on average,0.5195530726257062,0.022517291730760215,23.073515182821026,8.543264126679922e-118,0.47541999180403455,0.5636861534473777,Difficult
Difficult,chosen,mm,Mental.health,Same number of cases,0.5259259259259292,0.023111363744827036,22.756161502743257,1.246959617796567e-114,0.4806284853524635,0.571223366499395,Difficult
Difficult,chosen,mm,Mental.health,50% fewer cases,0.5807228915662674,0.02331567507589768,24.90697308466883,6.252359611533569e-137,0.5350250081422698,0.626420774990265,Difficult
Difficult,chosen,mm,Mental.health,25% fewer cases,0.5375302663438203,0.022405188151036322,23.991330165150053,3.42510286597028e-127,0.49361690450094553,0.581443628186695,Difficult
Difficult,chosen,mm,Mental.health,10% fewer cases,0.5623409669211205,0.025501471879400273,22.05131411945565,9.278995080624405e-108,0.5123590004847349,0.612322933357506,Difficult
Difficult,chosen,mm,Mental.health,5% fewer cases,0.505025125628141,0.02333037483100117,21.646678601882922,6.532150384159268e-104,0.4592984312135589,0.5507518200427229,Difficult
Difficult,chosen,mm,Mental.health,5% more cases,0.5073529411764706,0.021909672562219724,23.156573414580933,1.2481575606422053e-118,0.46441077204145453,0.5502951103114866,Difficult
Difficult,chosen,mm,Mental.health,10% more cases,0.4656862745097956,0.024626625034284495,18.909869860830717,9.458991254199773e-80,0.4174189763818255,0.5139535726377656,Difficult
Difficult,chosen,mm,Mental.health,25% more cases,0.44552058111380105,0.02480387055532631,17.961736258865102,3.8846425429050647e-72,0.39690588814816796,0.49413527407943414,Difficult
Difficult,chosen,mm,Mental.health,50% more cases,0.371007371007372,0.021747914386710736,17.059445996075812,2.973618830057888e-65,0.3283822420705585,0.41363249994418555,Difficult
Difficult,chosen,mm,Eligibility,People in and out of work are entitled,0.5131578947368458,0.016133353993438536,31.807266793101302,5.136172162801114e-222,0.4815371019598708,0.5447786875138207,Difficult
Difficult,chosen,mm,Eligibility,Everyone is entitled but people of working age who are not disabled are required to look for work,0.5458515283842719,0.015165374184920718,35.99327795861606,1.0657281288959606e-283,0.5161279411697538,0.5755751155987899,Difficult
Difficult,chosen,mm,Eligibility,Only people in work are entitled,0.4665936473165405,0.016885260677198928,27.633191825495885,4.443916347798102e-168,0.4334991445196602,0.4996881501134208,Difficult
Difficult,chosen,mm,Eligibility,Only people out of work are entitled,0.4744287268770386,0.015823461025406414,29.982614177472797,1.6539535288797208e-197,0.44341531315646876,0.5054421405976084,Difficult
Difficult,chosen,mm,Means.testing,People with any or no amount of income are entitled to the full benefit,0.507658643326045,0.015790036191634826,32.150568698188934,8.671967533532424e-227,0.4767107410758568,0.5386065455762333,Difficult
Difficult,chosen,mm,Means.testing,Only those with incomes less than £20k are entitled to the full benefit,0.5218818380744042,0.014312468078286669,36.463441191260856,4.212844615286978e-291,0.4938299161110832,0.5499337600377253,Difficult
Difficult,chosen,mm,Means.testing,Only those with incomes less than £50k are entitled to the full benefit,0.4912663755458509,0.014803877757837479,33.184979204908956,1.7732079214531478e-241,0.4622513083089559,0.5202814427827459,Difficult
Difficult,chosen,mm,Means.testing,Only those with incomes less than £125k are entitled to the full benefit,0.4792576419213814,0.014700862925123364,32.60064693905441,4.0155489136999707e-233,0.45044448004647947,0.5080708037962833,Difficult
Difficult,chosen,mm,Citizenship,"Citizens, permanent residents and anyone residing in the UK for more than six months are entitled",0.5081967213114815,0.013199159359454276,38.502203623102034,0,0.48232684434074635,0.5340665982822167,Difficult
Difficult,chosen,mm,Citizenship,Only citizens and permanent residents are entitled,0.5270491803278754,0.013823205085754974,38.127856532419365,0,0.49995619620888476,0.554142164446866,Difficult
Difficult,chosen,mm,Citizenship,Only citizens are entitled,0.46475409836065595,0.012477978496596378,37.24594480487581,1.2324782691694762e-303,0.4402977099074618,0.4892104868138501,Difficult
Difficult,chosen,mm,Poverty,Unchanged,0.5061349693251533,0.02579281303101092,19.623100772941008,9.81779819462971e-86,0.45558198472439654,0.5566879539259101,Difficult
Difficult,chosen,mm,Poverty,Decreased by 100%,0.6078431372549026,0.029183798136552683,20.828102442689925,2.40814494252635e-96,0.5506439439751722,0.6650423305346329,Difficult
Difficult,chosen,mm,Poverty,Decreased by 75%,0.569277108433733,0.029267148385223346,19.451061679830573,2.8545913888807513e-84,0.5119145516685056,0.6266396651989604,Difficult
Difficult,chosen,mm,Poverty,Decreased by 50%,0.6017964071856314,0.027968114794063737,21.51723173395167,1.0738549902144438e-102,0.5469799094737846,0.6566129048974783,Difficult
Difficult,chosen,mm,Poverty,Decreased by 25%,0.5372670807453412,0.027065809546455506,19.85039759565222,1.0933249074125554e-87,0.4842190688218681,0.5903150926688144,Difficult
Difficult,chosen,mm,Poverty,Decreased by 10%,0.5226586102719025,0.02763219784469805,18.91484033262262,8.608077876964317e-80,0.46850049768260904,0.576816722861196,Difficult
Difficult,chosen,mm,Poverty,Decreased by 5%,0.5306748466257669,0.02864290816058619,18.527268378285594,1.2444616086361124e-76,0.4745357782185296,0.5868139150330043,Difficult
Difficult,chosen,mm,Poverty,Increased by 5%,0.4656716417910459,0.025890104579835697,17.98647202660319,2.486957077285011e-72,0.41492796925859243,0.5164153143234994,Difficult
Difficult,chosen,mm,Poverty,Increased by 10%,0.41411042944785337,0.02561650434095348,16.165766567369186,8.793724399248715e-59,0.3639030035297706,0.4643178553659361,Difficult
Difficult,chosen,mm,Poverty,Increased by 25%,0.38650306748466595,0.026765903660942367,14.440127722968052,2.893055265857034e-47,0.33404286029555014,0.43896327467378177,Difficult
Difficult,chosen,mm,Poverty,Increased by 50%,0.35362318840579177,0.02395716035403817,14.76064705415664,2.6274783306237484e-49,0.3066680169400261,0.40057835987155743,Difficult
Difficult,chosen,mm,Inequality,Unchanged.,0.515228426395937,0.025759441207570635,20.0015373875623,5.3400748304596455e-89,0.46474084936722165,0.5657160034246524,Difficult
Difficult,chosen,mm,Inequality,Decreased by 50%.,0.5574572127139399,0.02507126661495162,22.234904254158906,1.5790514314943183e-109,0.5083184331018333,0.6065959923260464,Difficult
Difficult,chosen,mm,Inequality,Decreased by 25%.,0.5312499999999984,0.023408824877086277,22.694432667571125,5.0846199549552044e-114,0.4853695463205041,0.5771304536794928,Difficult
Difficult,chosen,mm,Inequality,Decreased by 10%.,0.4676616915422916,0.022835685833822846,20.47942395711274,3.2852033207008377e-93,0.4229045697457273,0.5124188133388559,Difficult
Difficult,chosen,mm,Inequality,Decreased by 5%.,0.5341463414634163,0.022872570196282336,23.35314032833247,1.2805394759641937e-120,0.48931692764483875,0.578975755281994,Difficult
Difficult,chosen,mm,Inequality,Increased by 5%.,0.5137157107231931,0.02513433265069433,20.43880447762761,7.556764612071994e-93,0.4644533239523831,0.5629780974940032,Difficult
Difficult,chosen,mm,Inequality,Increased by 10%.,0.525925925925929,0.024857387560662435,21.157731263691712,2.3422448511511933e-99,0.4772063415572767,0.5746455102945813,Difficult
Difficult,chosen,mm,Inequality,Increased by 25%.,0.44226044226044353,0.022667439896867,19.510824525074444,8.88376464110377e-85,0.3978330764408579,0.48668780808002915,Difficult
Difficult,chosen,mm,Inequality,Increased by 50%.,0.4134615384615374,0.025838253361792286,16.001915170974133,1.2390414594788384e-57,0.3628194924490035,0.46410358447407124,Difficult
